[
    {
        "username": "Klient_1",
        "email": "klient_1@gmail.com",
        "phone": "87471563274",
        "date_registered": "2025-03-03 10:25:37.241577+00:00"
    },
    {
        "username": "Klient_2",
        "email": "klient_2@gmail.com",
        "phone": "87014953218",
        "date_registered": "2025-03-03 10:43:51.776969+00:00"
    },
    {
        "username": "Manager01",
        "email": "manager@mail.ru",
        "phone": "87789457171",
        "date_registered": "2025-04-01 08:52:28.917301+00:00"
    },
    {
        "username": "Askon",
        "email": "askon@mail.ru",
        "phone": "87750232936",
        "date_registered": "2025-04-07 16:56:10.755012+00:00"
    }
]